{"type":"Topology","arcs":[[[2185,3350],[-115,-102],[15,-32],[-36,-145],[-5,-52],[-77,-69],[16,-43],[-50,-100],[-50,-43],[-5,-108],[86,-47],[54,-90],[-63,-39],[98,-191],[-153,-77],[1,-77],[42,-4],[4,-65],[-89,-43],[0,-27],[72,-53],[57,-12],[31,-88],[-34,-39],[40,-19],[28,-45],[84,-67],[-24,-36],[-38,1],[-71,-52],[-85,12],[-35,-44],[5,-58],[-60,-43],[6,-128],[-9,-8]],[[1825,1317],[-20,-23],[-84,-32],[-16,-38],[-45,-44],[-63,-36],[18,-92],[-23,-66],[0,-145],[20,-71],[-105,-81],[19,-83],[25,-59],[-6,-60],[-28,-41],[29,-33],[29,-108],[24,-44],[-22,-31],[26,-76],[-72,-10],[-23,-46],[-94,-98],[-33,28],[-106,25],[-137,4],[-54,82],[-52,25],[-37,-13],[-24,36],[-37,183],[-87,113],[-1,96],[17,69],[-59,61],[-64,1],[-37,41],[-50,3],[-97,-50],[-30,-1],[-51,-58],[-70,48],[-54,10],[-42,72],[37,33],[-26,119],[-87,36],[65,136],[53,36],[7,112],[-19,64],[-50,46],[9,44],[32,12],[21,48],[10,142],[40,39],[-53,79],[10,105],[-69,50],[-22,110],[18,23],[-13,65],[-23,5],[2,76],[-35,24],[18,61],[-59,20],[-51,54],[-12,41],[-55,38],[3,110],[-60,75],[5,33],[71,42],[99,87],[13,24],[66,34],[-55,38],[-88,81],[-63,8],[-28,32],[12,42],[81,75],[-10,33],[106,165],[26,89],[73,46],[72,-47],[39,-52],[49,-27],[43,37],[66,96],[76,71],[80,111],[14,74],[69,46],[8,55],[39,42],[51,-1],[41,-23],[152,-35],[87,-37],[50,-61],[-31,-43],[-14,-55],[45,-69],[79,-33],[105,28],[0,43],[50,37],[72,-1],[36,-20],[73,1],[38,20],[104,-36],[20,27],[52,6],[46,-40],[21,-48],[-2,-101],[18,-23],[107,-17],[38,22],[84,-4]],[[2185,3350],[68,-19],[45,114],[28,9],[73,66],[95,-2],[92,-36],[75,-12],[52,6],[55,-34],[36,-100],[52,-10],[23,-37],[68,16],[18,-16],[59,24],[51,-13],[10,-33],[48,-2],[47,-49],[56,-34],[86,62],[71,-19],[85,27],[10,-53],[67,-65],[33,8],[4,-127],[30,-74],[44,-32],[-9,-69],[36,-58],[58,-24],[79,-135],[74,-51],[152,-75],[91,-23],[61,2],[117,-91],[-64,-81],[44,-62],[-16,-84],[47,-39],[-20,-101],[-36,-37],[29,-28],[3,-87],[-75,-61],[9,-54],[-45,-55],[-44,-23],[-39,-47],[-79,-6],[-38,-16],[-64,11],[-10,-49],[-60,-51],[-14,-37],[-58,-5],[-30,-25],[-88,-5],[-46,-47],[-111,-18],[-123,-105],[15,-54],[-23,-52],[-34,-19],[-8,-51],[-61,-21],[-68,-47],[-66,-22],[-49,40],[-54,2],[-77,-32],[-55,-46],[-102,12],[-313,-66],[-27,12],[-111,-12],[-90,-24],[-43,167],[-35,26],[-111,0],[-136,-25],[-52,184],[-42,24],[-30,42]]],"transform":{"scale":[0.00021975523293357922,0.0002105943349068972],"translate":[138.180856083,35.16838444100001]},"objects":{"senkyoku289polygon_19":{"type":"GeometryCollection","geometries":[{"arcs":[[0,1]],"type":"Polygon","properties":{"kucode":1901,"kuname":"山梨1区","ken":19,"ku":1}},{"arcs":[[-1,2]],"type":"Polygon","properties":{"kucode":1902,"kuname":"山梨2区","ken":19,"ku":2}}]}}}